INSERT INTO users VALUES (1, "Joe", 12);
INSERT INTO users VALUES (2, "Alex", 12);
INSERT INTO users VALUES (3, "Brett", 12);
INSERT INTO users VALUES (4, "Doug", 12);
INSERT INTO users VALUES (5, "Ema", 12);
INSERT INTO users VALUES (6, "Joao", 12);
INSERT INTO users VALUES (7, "Kayla", 12);
INSERT INTO users VALUES (8, "Lana", 12);
INSERT INTO users VALUES (9, "Moe", 12);
INSERT INTO users VALUES (10, "Nancy", 12);
INSERT INTO users VALUES (11, "Oscar", 12);
INSERT INTO users VALUES (12, "Percy", 12);
INSERT INTO users VALUES (13, "Quincy", 12);
INSERT INTO users VALUES (14, "Ralph", 12);
INSERT INTO users VALUES (15, "Samuel", 12);
INSERT INTO users VALUES (16, "Tosin", 12);
INSERT INTO users VALUES (17, "Catherine", 12);
INSERT INTO users VALUES (18, "Fatma", 12);
INSERT INTO users VALUES (19, "Gabe", 12);
INSERT INTO users VALUES (20, "Howard", 12);

INSERT INTO projects VALUES (1, "proj_1", "tech", 1000, 060620, 070620);
INSERT INTO projects VALUES (2, "proj_2", "tech", 1100, 060620, 070620);
INSERT INTO projects VALUES (3, "proj_3", "tech", 1020, 060620, 070620);
INSERT INTO projects VALUES (4, "proj_4", "tech", 1003, 060620, 070620);
INSERT INTO projects VALUES (5, "proj_5", "tech", 1400, 060620, 070620);
INSERT INTO projects VALUES (6, "proj_6", "tech", 1050, 060620, 070620);
INSERT INTO projects VALUES (7, "proj_7", "tech", 1006, 060620, 070620);
INSERT INTO projects VALUES (8, "proj_8", "tech", 1700, 060620, 070620);
INSERT INTO projects VALUES (9, "proj_9", "tech", 1080, 060620, 070620);
INSERT INTO projects VALUES (10, "proj_10", "tech", 1009, 060620, 070620);


-- CREATE TABLE pledges(id INTEGER PRIMARY KEY, amount INTEGER, user_id INTEGER, project_id INTEGER);
INSERT INTO pledges VALUES (1, 1000, 1, 1);
INSERT INTO pledges VALUES (2, 1000, 2, 2);
INSERT INTO pledges VALUES (3, 1000, 3, 3);
INSERT INTO pledges VALUES (4, 1000, 4, 4);
INSERT INTO pledges VALUES (5, 1000, 5, 5);
INSERT INTO pledges VALUES (6, 1000, 6, 6);
INSERT INTO pledges VALUES (7, 1000, 7, 7);
INSERT INTO pledges VALUES (8, 1000, 8, 8);
INSERT INTO pledges VALUES (9, 1000, 9, 9);
INSERT INTO pledges VALUES (10, 1000, 10, 10);
INSERT INTO pledges VALUES (11, 1000, 11, 1);
INSERT INTO pledges VALUES (12, 1000, 12, 2);
INSERT INTO pledges VALUES (13, 1000, 13, 3);
INSERT INTO pledges VALUES (14, 1000, 14, 4);
INSERT INTO pledges VALUES (15, 1000, 15, 5);
INSERT INTO pledges VALUES (16, 1000, 16, 6);
INSERT INTO pledges VALUES (17, 1000, 17, 7);
INSERT INTO pledges VALUES (18, 1000, 18, 8);
INSERT INTO pledges VALUES (19, 1000, 19, 9);
INSERT INTO pledges VALUES (20, 1000, 20, 10);
INSERT INTO pledges VALUES (21, 1000, 1, 10);
INSERT INTO pledges VALUES (22, 1000, 2, 10);
INSERT INTO pledges VALUES (23, 1000, 3, 10);
INSERT INTO pledges VALUES (24, 1000, 4, 10);
INSERT INTO pledges VALUES (25, 1000, 5, 10);
INSERT INTO pledges VALUES (26, 1000, 6, 10);
INSERT INTO pledges VALUES (27, 1000, 7, 10);
INSERT INTO pledges VALUES (28, 1000, 8, 10);
INSERT INTO pledges VALUES (29, 1000, 9, 10);
INSERT INTO pledges VALUES (30, 1000, 10, 10);

